{
  "PlaylistName": "Playlist_Athena_Arena_Solo",
  "DisplayName": "Arena Solo",
  "Description": "Battle against players in ranked competition. Earn Hype to climb divisions!",
  "MaxPlayers": 100,
  "MatchType": "Solo",
  "Siphon": true,
  "MatsCap": 500,
  "BusFare": true,
  "RoundTimeSeconds": 1500,
  "PlacementPoints": {
    "Top25": 60,
    "Top15": 30,
    "Top5": 30,
    "VictoryRoyale": 60
  },
  "ElimPoints": 20,
  "BusFareRules": {
    "OpenLeague": 0,
    "ContenderLeague": 20,
    "ChampionLeague": 60
  }
}